,CVE_DOC,FECHA_DOC,CANT,CVE_ART,COSTO_TOTAL_CALCULADO
0,F37034,2022-01-05,1,TUE00244,52.8
1,F37036,2022-01-05,1,TUA00028,327.18
2,F37041,2022-01-05,7,TP0007,1243.73
3,F37042,2022-01-05,1,TP0001,38.96
4,F37043,2022-01-05,2,BP00242,203.42
5,F37043,2022-01-05,2,BP00243,98.82
6,F37044,2022-01-05,1,RP00165,5323.76
7,F37046,2022-01-05,3,TP0001,116.88
8,F37048,2022-01-05,1,TUE00207,517.89
9,F37049,2022-01-05,1,TUE00207,517.89
10,F37050,2022-01-05,1,TUE00207,517.89
11,F37051,2022-01-05,1,TUE00207,586.32
12,F37052,2022-01-05,1,TUE00207,586.32
13,F37053,2022-01-05,1,BO00051,86.22
14,F37054,2022-01-05,1,BC00023,742.05
15,F37058,2022-01-05,5,PT00070,397.08
16,F37059,2022-01-05,2,TP0011,248.0
17,F37060,2022-01-05,3,PJ31C1F1AA00,425.69
18,F37061,2022-01-05,5,WRE-2133,393.48
19,F37061,2022-01-05,7,WRE-2774,530.41
20,F37061,2022-01-05,3,WRE-4885,82.29
21,F37067,2022-01-07,3,MR01934,443.27
22,F37068,2022-01-07,1,PT00080,259.35
23,F37068,2022-01-07,1,PT00081,332.65
24,F37069,2022-01-07,2,RP00150,0.72
25,F37071,2022-01-07,3,TUA00009,3245.66
26,F37073,2022-01-07,5,TP0011,620.0
27,F37073,2022-01-07,6,TP0012,264.83
28,F37077,2022-01-07,2,PT00044,978.77
29,F37078,2022-01-07,30,BOBINA001,9163.18
30,F37083,2022-01-10,6,TUE00247,1771.42
31,F37086,2022-01-10,30,BOBINA001,9163.18
32,F37087,2022-01-10,1,TUE00320,178.6
33,F37092,2022-01-11,10,PJ31A1F1A400,689.45
34,F37092,2022-01-11,10,PK31A1F1A400,783.24
35,F37095,2022-01-11,1,RP00172,5.76
36,F37095,2022-01-11,1,RP00173,45.01
37,F37097,2022-01-11,1,BN00232,289.05
38,F37098,2022-01-12,40,CBS00045,2594.17
39,F37100,2022-01-12,1,MR01934,161.73
40,F37102,2022-01-12,3,TUE00321,4527.42
41,F37103,2022-01-12,9,TF71E1120A00,915.42
42,F37105,2022-01-12,10,BO00052,819.14
43,F37107,2022-01-12,8,TUA00404,3980.31
44,F37110,2022-01-13,2,TEE00025,197.51
45,F37114,2022-01-14,1,TUS00049,140.29
46,F37117,2022-01-14,2,TUE00322,363.75
47,F37117,2022-01-14,2,TUE00323,499.77
48,F37117,2022-01-14,4,TUS00020,194.24
49,F37120,2022-01-14,1,TUE00328,195.26
50,F37125,2022-01-17,5,TUS00003,426.47
51,F37126,2022-01-17,1,BB1 1/2X1/2-300W,220.0
52,F37128,2022-01-17,1,TP0008,211.36
53,F37129,2022-01-17,2,TUE00324,484.95
54,F37129,2022-01-17,2,TUE00325,471.13
55,F37130,2022-01-17,1,TUE00326,319.8
56,F37130,2022-01-17,1,TUE00327,313.8
57,F37134,2022-01-17,4,RB00010,178.8
58,F37138,2022-01-18,1,P7J6C1D1A030,4.02
59,F37141,2022-01-19,2,CS12E2040A00,138.46
60,F37142,2022-01-19,2,CS12E2040A00,138.46
61,F37143,2022-01-19,3,BC00024,1668.42
62,F37143,2022-01-19,3,BC00025,1343.05
63,F37143,2022-01-19,6,BP00241,574.91
64,F37143,2022-01-19,2,TP00016,316.8
65,F37147,2022-01-19,8,TUA00258,2181.22
66,F37150,2022-01-19,2,BN00236,323.25
67,F37150,2022-01-19,4,BN00237,422.72
68,F37152,2022-01-20,4,TUA00364,3182.95
69,F37153,2022-01-20,2,BP00245,102.76
70,F37156,2022-01-20,1,BP00244,291.72
71,F37161,2022-01-21,10,PK31B1I1A000,2408.67
72,F37167,2022-01-21,1,BP00051,52.48
73,F37167,2022-01-21,1,TUA00400,139.82
74,F37169,2022-01-21,30,ECQ-00972,8264.95
75,F37171,2022-01-21,3,TU5/16X230MM,600.9
76,F37174,2022-01-24,10,TUE00146,3726.73
77,F37175,2022-01-24,6,BO00054,2162.98
78,F37175,2022-01-24,6,BO00055,2027.79
79,F37178,2022-01-24,8,70001693,907.73
80,F37180,2022-01-24,10,TP0004,771.29
81,F37184,2022-01-24,2,BE00010,231.15
82,F37184,2022-01-24,2,BL00011,330.39
83,F37184,2022-01-24,2,BL00052,771.42
84,F37185,2022-01-25,1,TUS00086,85.89
85,F37187,2022-01-25,12,TEA00058,1151.56
86,F37187,2022-01-25,12,TEA00059,1579.75
87,F37191,2022-01-25,1,TEE00026,292.75
88,F37192,2022-01-25,20,TP0003,1425.02
89,F37193,2022-01-26,1,TP0001,38.96
90,F37198,2022-01-26,3,TUA00410,1090.0
91,F37202,2022-01-26,1,CS14B1010A00,27.08
92,F37204,2022-01-27,1,TUA00350,436.54
93,F37214,2022-01-27,1,TP0001,38.96
94,F37215,2022-01-28,1,PK18J1F1A400,113.22
95,F37217,2022-01-28,3,RP00176,742.57
96,F37219,2022-01-28,3,TUS00064,480.08
97,F37221,2022-01-28,3,TUA00078,1108.78
98,F37222,2022-01-28,2,CS38E1017A00,134.84
99,F37223,2022-01-28,1,TP0003,71.25
100,F37223,2022-01-28,1,TP0025,75.89
101,F37226,2022-01-31,2,PT00082,2428.6
102,F37230,2022-01-31,2,54020219,2082.15
103,F37231,2022-01-31,2,93980461,2597.36
104,F37233,2022-01-31,1,PJ14F10B0600,387.87
105,F37235,2022-01-31,1,TUE00057,435.3
106,F37236,2022-01-31,4,TUE00331,97.52
107,F37237,2022-01-31,1,BT00005,167.3
108,F37238,2022-01-31,1,RC00024,104.4
109,F37239,2022-01-31,2,TUE00332,673.13
110,F37240,2022-01-31,1,TUA00124,647.84
111,F37240,2022-01-31,4,TUE00063,1744.19
112,F37240,2022-01-31,2,TUE00129,898.7
113,F37241,2022-01-31,1,TUE00008,406.61
114,F37242,2022-01-31,1,TUA00401,281.94
115,F37243,2022-01-31,4,CAS00066,268.86
116,F37249,2022-01-31,2,BB00077,75.53
117,F37250,2022-01-31,1,TUS00052,13.38
118,F37255,2022-02-01,1,TU5/16X230MM,226.23
119,F37257,2022-02-01,4,TJ00087,520.79
120,F37257,2022-02-01,2,TJ00088,274.16
121,F37259,2022-02-02,1,BB1 1/2X1/2-300W,220.0
122,F37260,2022-02-02,2,CBS00002,492.92
123,F37261,2022-02-02,1,TUS00052,13.38
124,F37262,2022-02-02,1,TUA00407,174.76
125,F37269,2022-02-02,3,TP0005,318.0
126,F37270,2022-02-02,2,65014-38,493.89
127,F37275,2022-02-03,1,CS12G1040A00,90.18
128,F37276,2022-02-03,4,MA00001,627.33
129,F37277,2022-02-03,4,TUA00412,587.54
130,F37277,2022-02-03,4,TUA00414,747.79
131,F37278,2022-02-03,4,CS12J1075A00,397.28
132,F37279,2022-02-03,1,TUE00329,130.78
133,F37279,2022-02-03,1,TUE00330,134.36
134,F37282,2022-02-04,15,TUA00143,2842.01
135,F37285,2022-02-04,1,BB2X2ST,220.0
136,F37289,2022-02-04,1,TUA00405,395.14
137,F37289,2022-02-04,1,TUA00406,141.65
138,F37299,2022-02-08,12,CBS00001,6315.25
139,F37300,2022-02-08,4,BN00112,603.18
140,F37300,2022-02-08,10,RPISTOLA01,967.82
141,F37301,2022-02-08,3,TUA00408,1599.82
142,F37302,2022-02-08,7,P231B1AF0500,2239.95
143,F37303,2022-02-08,2,TUE00334,329.11
144,F37311,2022-02-09,2,TUA00400,336.79
145,F37318,2022-02-09,3,TUA00415,1255.77
146,F37319,2022-02-09,1,TEA00004,665.36
147,F37320,2022-02-09,4,TUA00082,2276.4
148,F37321,2022-02-09,3,TUE00098,236.48
149,F37326,2022-02-10,3,RC00026,250.49
150,F37331,2022-02-10,3,ECQ-01444,2373.3
151,F37333,2022-02-10,3,TUS00002,431.66
152,F37336,2022-02-10,2,TP0016,444.0
153,F37336,2022-02-10,2,TP0026,227.19
154,F37339,2022-02-11,10,CBS00099,1539.68
155,F37341,2022-02-11,6,TK00062,675.84
156,F37342,2022-02-11,1,TP0005,87.1
157,F37349,2022-02-11,2,CBS00100,595.19
158,F37350,2022-02-11,3,PK31B1G10000,334.89
159,F37355,2022-02-14,3,BN00055,548.24
160,F37357,2022-02-14,4,CS38M1050A01,424.72
161,F37357,2022-02-14,4,CS38N1050A01,601.92
162,F37358,2022-02-14,2,BL00053,73.84
163,F37358,2022-02-14,1,BN00232,299.62
164,F37358,2022-02-14,3,BP00246,95.16
165,F37358,2022-02-14,2,BP00247,310.77
166,F37358,2022-02-14,2,BP00248,290.42
167,F37359,2022-02-14,1,BN00115,150.74
168,F37361,2022-02-14,6,TUS00052,104.34
169,F37362,2022-02-14,1,TP0010,106.55
170,F37363,2022-02-14,6,CM12G2075A00,539.13
171,F37363,2022-02-14,1,RP00177,143.11
172,F37367,2022-02-15,2,TUS00111,85.71
173,F37370,2022-02-15,1,TUE00148,337.19
174,F37372,2022-02-15,1,TU5/16X230MM,226.23
175,F37375,2022-02-16,2,TP0002,102.71
176,F37376,2022-02-16,8,PT00057,789.1
177,F37378,2022-02-16,2,PT00082,2428.6
178,F37381,2022-02-16,8,TU5/16X203V,2606.27
179,F37386,2022-02-17,2,TUE00081,863.66
180,F37389,2022-02-17,1,TP0011,124.0
181,F37394,2022-02-17,1,TUA00280,175.18
182,F37395,2022-02-17,1,RP00178,12.4
183,F37401,2022-02-17,3,BO00053,5346.0
184,F37403,2022-02-17,2,P7J6C1D1A030,73.06
185,F37409,2022-02-18,11,TEA00092,7400.14
186,F37409,2022-02-18,6,TEA00093,7142.54
187,F37414,2022-02-18,4,PK14C1D1G300,280.17
188,F37415,2022-02-18,2,TT00007,379.5
189,F37415,2022-02-18,2,TT00008,693.49
190,F37417,2022-02-18,2,TU5/16X203V240W,225.21
191,F37418,2022-02-18,3,TEA00023,4592.74
192,F37422,2022-02-18,2,TP0001,77.92
193,F37425,2022-02-21,1,TU5/16X870J127V,227.18
194,F37426,2022-02-21,1,TEA00096,773.91
195,F37429,2022-02-21,6,TUA00025,1825.52
196,F37430,2022-02-22,5,TP0015,865.0
197,F37433,2022-02-22,1,RP00175,29.9
198,F37434,2022-02-22,1,TP0016,222.0
199,F37435,2022-02-22,18,TUS00112,949.4
200,F37436,2022-02-22,2,TUA00403,757.39
201,F37437,2022-02-22,1,BB1 1/2X1/2-300W,220.0
202,F37442,2022-02-22,1,BB1 1/2X1/2-300W,253.0
203,F37442,2022-02-22,1,TP0025,98.63
204,F37443,2022-02-23,36,TUE00146,9156.17
205,F37444,2022-02-23,2,BE00011,75.32
206,F37444,2022-02-23,2,BE00012,89.08
207,F37444,2022-02-23,2,BE00013,96.18
208,F37444,2022-02-23,2,BE00015,102.18
209,F37444,2022-02-23,2,BN00243,282.98
210,F37444,2022-02-23,2,BN00244,402.41
211,F37444,2022-02-23,2,BN00245,377.7
212,F37444,2022-02-23,2,BN00246,594.4
213,F37444,2022-02-23,7,BP00249,211.19
214,F37445,2022-02-23,2,PJ140FD1A000,109.64
215,F37447,2022-02-23,2,TUE00179,374.62
216,F37449,2022-02-23,2,RC00025,732.84
217,F37450,2022-02-23,2,CS58H1060A00,225.59
218,F37451,2022-02-23,2,CS58H1060A00,225.59
219,F37455,2022-02-23,1,TU5/16X870J127V,227.18
220,F37458,2022-02-24,3,CBS00101,1281.35
221,F37464,2022-02-24,6,TUA00427,2214.39
222,F37465,2022-02-24,10,TEA00006,1019.92
223,F37467,2022-02-24,2,TEE00017,2409.43
224,F37468,2022-02-24,1,CS12J2025A00,74.08
225,F37469,2022-02-25,1,TUE00207,1179.22
226,F37470,2022-02-25,1,TUE00207,1179.22
227,F37471,2022-02-25,1,TUE00207,1179.22
228,F37472,2022-02-25,1,TUE00207,1179.22
229,F37473,2022-02-25,1,TUE00207,1179.22
230,F37474,2022-02-25,2,TUE00332,676.56
231,F37475,2022-02-25,2,TP0009,320.27
232,F37475,2022-02-25,2,TP0010,213.1
233,F37475,2022-02-25,2,TP0040,274.96
234,F37480,2022-02-25,5,TEA00006,595.24
235,F37481,2022-02-25,4,CBS00056,500.47
236,F37482,2022-02-25,10,70001694,1276.19
237,F37483,2022-02-25,8,70001698,962.29
238,F37484,2022-02-25,7,70001692,795.85
239,F37485,2022-02-25,8,70001690,1288.78
240,F37486,2022-02-25,3,70001684,395.14
241,F37487,2022-02-25,4,P214F1AB0600,1839.19
242,F37490,2022-02-28,4,CS12F1040A00,355.8
243,F37491,2022-02-28,1,TUE00339,7342.41
244,F37492,2022-02-28,2,BP00206,881.41
245,F37493,2022-02-28,30,ECQ-00972,10182.84
246,F37495,2022-02-28,4,TUE00075,117.15
247,F37498,2022-02-28,2,CS12G1040A00,180.83
248,F37499,2022-02-28,2,TUS00113,139.11
249,F37500,2022-02-28,1,TUE00176,470.09
250,F37502,2022-02-28,2,PJ14F1L1A800,747.38
251,F37509,2022-02-28,1,TUE00132,559.98
252,F37509,2022-02-28,3,TUS00005,535.46
253,F37513,2022-02-28,1,TUE00338,139.69
254,F37514,2022-02-28,3,TUE00337,520.33
255,F37515,2022-02-28,3,TUS00029,144.69
256,F37516,2022-02-28,1,BB00017,208.27
257,F37516,2022-02-28,1,BB00018,688.35
258,F37516,2022-02-28,1,BN00002,375.4
259,F37516,2022-02-28,1,BN00003,415.77
260,F37517,2022-02-28,2,BL00038,1203.29
261,F37517,2022-02-28,3,PJ31Q1G3A100,710.93
262,F37518,2022-02-28,3,TUA00426,1349.52
263,F37519,2022-02-28,2,PK14G1D1G300,175.18
264,F37521,2022-02-28,4,TUE00075,175.24
265,F37522,2022-02-28,4,TUE00198,135.61
266,F37525,2022-03-01,1,BC00026,688.31
267,F37530,2022-03-02,4,TUE00307,946.71
268,F37530,2022-03-02,4,TUE00308,841.84
269,F37531,2022-03-02,2,PT00082,2428.6
270,F37535,2022-03-03,6,BS00006,5508.73
271,F37535,2022-03-03,6,BS00008,6802.89
272,F37538,2022-03-03,1,BB2X2ST,220.0
273,F37539,2022-03-03,1,RP00181,41.26
274,F37540,2022-03-03,3,TUE00337,520.33
275,F37541,2022-03-03,2,TK00028,156.48
276,F37543,2022-03-03,1,TP0008,211.36
277,F37543,2022-03-03,1,TP0040,137.48
278,F37544,2022-03-04,1,TUA00428,134.94
279,F37545,2022-03-04,15,TUA00143,3537.11
280,F37547,2022-03-04,1,TUA00102,370.94
281,F37553,2022-03-04,2,P7J6C1D1A030,73.06
282,F37555,2022-03-04,2,TUA00431,539.17
283,F37556,2022-03-07,4,TP0005,348.39
284,F37559,2022-03-07,1,TUE00007,435.26
285,F37562,2022-03-07,4,CS38F1010A00,269.88
286,F37564,2022-03-08,5,WRE-2137,610.68
287,F37565,2022-03-08,2,BN00242,304.73
288,F37573,2022-03-08,9,TUE00343,3857.05
289,F37578,2022-03-09,1,BO00056,216.65
290,F37579,2022-03-09,4,TEE00017,4985.4
291,F37580,2022-03-09,1,TP0011,143.8
292,F37582,2022-03-09,10,TU5/16X203V,3262.29
293,F37584,2022-03-09,1,TU5/16X230MM,212.44
294,F37585,2022-03-09,1,TUE00341,317.3
295,F37586,2022-03-09,1,TUE00341,317.3
296,F37589,2022-03-10,3,TUA00430,808.8
297,F37594,2022-03-10,2,CS14D2017B20,222.14
298,F37602,2022-03-10,1,TP0005,87.1
299,F37603,2022-03-10,20,TEA00006,2380.95
300,F37604,2022-03-10,5,TUE00042,8334.25
301,F37605,2022-03-10,5,TP0011,719.0
302,F37606,2022-03-11,1,RM00017,2644.78
303,F37607,2022-03-11,6,TUA00134,1819.85
304,F37608,2022-03-11,2,PT00063,1346.28
305,F37610,2022-03-11,1,TUA00432,1783.73
306,F37612,2022-03-11,2,BB1 1/2X1/2-300W,440.0
307,F37612,2022-03-11,2,TP0001,77.92
308,F37615,2022-03-11,1,TUA00371,417.45
309,F37620,2022-03-14,10,CAS00075,2617.65
310,F37620,2022-03-14,15,CAS00076,5266.17
311,F37622,2022-03-15,1,BB1 1/2X1/2-300W,220.0
312,F37624,2022-03-15,4,TUA00175,1509.17
313,F37625,2022-03-15,9,TUA00241,1305.27
314,F37626,2022-03-15,1,TU5/16X230MM,212.44
315,F37628,2022-03-15,2,TUA00222,716.01
316,F37629,2022-03-15,2,TUE00333,195.77
317,F37633,2022-03-15,4,TUA00421,2102.1
318,F37637,2022-03-16,2,TUE00103,497.3
319,F37639,2022-03-16,5,TP0012,220.69
320,F37642,2022-03-16,1,BB1 1/2X1/2-300W,220.0
321,F37644,2022-03-16,2,TUE00340,563.27
322,F37646,2022-03-16,5,BS00011,153.86
323,F37649,2022-03-16,2,TUA00124,1082.88
324,F37652,2022-03-16,6,TUS00115,420.72
325,F37655,2022-03-16,1,BL00022,112.11
326,F37656,2022-03-16,20,PT00047,4880.41
327,F37658,2022-03-16,2,ECQ-01444,1522.13
328,F37662,2022-03-17,4,TP0010,426.19
329,F37664,2022-03-17,2,TUA00429,1252.74
330,F37665,2022-03-17,2,TP0011,287.6
331,F37667,2022-03-17,1,TUA00419,327.61
332,F37672,2022-03-18,1,BE00016,60.56
333,F37673,2022-03-18,2,BL00054,349.45
334,F37674,2022-03-18,6,BO00058,1805.76
335,F37676,2022-03-18,1,TUE00207,1179.22
336,F37677,2022-03-18,1,TUA00422,319.43
337,F37678,2022-03-18,1,TUA00422,319.43
338,F37679,2022-03-18,1,TUA00424,417.02
339,F37680,2022-03-18,1,TUA00424,417.02
340,F37685,2022-03-22,4,BP00089,264.34
341,F37687,2022-03-22,1,TU5/16X230MM,212.44
342,F37688,2022-03-22,2,P114I1D4A000,197.3
343,F37692,2022-03-22,6,BP00257,389.9
344,F37692,2022-03-22,2,TP0001,77.92
345,F37693,2022-03-22,2,TP0002,102.71
346,F37695,2022-03-22,2,TP0001,77.92
347,F37697,2022-03-23,1,RP00165,5211.65
348,F37698,2022-03-23,1,TP0016,222.0
349,F37699,2022-03-23,2,TU5/16X230MM,400.6
350,F37700,2022-03-23,10,TP0005,870.97
351,F37701,2022-03-23,5,TUA00433,3102.37
352,F37702,2022-03-23,2,CBE00028,752.71
353,F37702,2022-03-23,1,TK00034,519.02
354,F37703,2022-03-23,1,BP00259,89.76
355,F37703,2022-03-23,1,BP00260,72.34
356,F37708,2022-03-23,4,TUA00200,5131.02
357,F37710,2022-03-23,2,TUE00161,233.93
358,F37711,2022-03-23,1,RP00182,2448.37
359,F37713,2022-03-23,3,TUA00099,3820.84
360,F37714,2022-03-23,2,PA00001,6978.64
361,F37717,2022-03-24,1,TR51G1125A00,97.0
362,F37718,2022-03-24,4,CS12E2040A00,286.12
363,F37718,2022-03-24,4,CS12F2040A00,353.34
364,F37719,2022-03-24,3,TK00063,686.66
365,F37722,2022-03-24,1,BL00001,50.94
366,F37722,2022-03-24,1,BP00258,45.28
367,F37724,2022-03-24,3,EE00003,14.76
368,F37728,2022-03-25,6,BOE00012,6822.37
369,F37728,2022-03-25,10,BOE00013,6981.76
370,F37730,2022-03-25,1,TP0008,211.36
371,F37730,2022-03-25,1,TP0022,410.21
372,F37731,2022-03-25,1,TP0001,38.96
373,F37734,2022-03-28,2,BO00005,3120.88
374,F37736,2022-03-28,25,TP0003,2215.69
375,F37737,2022-03-28,2,TP0003,142.5
376,F37740,2022-03-28,2,TEA00016,1420.68
377,F37742,2022-03-28,1,RP00184,102.22
378,F37743,2022-03-28,3,TEA00017,1506.97
379,F37746,2022-03-28,8,BN00248,779.66
380,F37746,2022-03-28,2,BN00249,344.57
381,F37746,2022-03-28,2,BN00250,310.03
382,F37746,2022-03-28,1,BN00251,177.36
383,F37750,2022-03-29,3,BP00149,649.37
384,F37750,2022-03-29,4,BP00150,854.65
385,F37751,2022-03-29,2,BE00011,75.32
386,F37751,2022-03-29,2,BE00012,89.08
387,F37751,2022-03-29,2,BE00013,96.18
388,F37751,2022-03-29,2,BE00015,102.18
389,F37752,2022-03-29,1,TP0003,72.37
390,F37753,2022-03-29,1,BB1 1/2X1/2-300W,220.0
391,F37755,2022-03-29,1,TUS00116,64.91
392,F37756,2022-03-29,1,TUS00118,258.43
393,F37757,2022-03-29,1,TP0015,173.0
394,F37758,2022-03-29,18,TUE00319,12855.68
395,F37760,2022-03-30,2,151.7208,782.48
396,F37761,2022-03-30,1,TUA00096,116.73
397,F37764,2022-03-30,3,TP0024,145.47
398,F37770,2022-03-30,1,TP0022,410.21
399,F37772,2022-03-30,1,TUE00025,316.4
400,F37774,2022-03-30,1,MA00016,6.69
401,F37775,2022-03-31,1,RP00180,24.0
402,F37776,2022-03-31,1,RP00171,258.21
403,F37777,2022-03-31,60,BOBINA001,20448.01
404,F37785,2022-03-31,1,BB1 1/2X1/2-300W,220.0
405,F37787,2022-03-31,12,TUA00219,5369.65
406,F37788,2022-03-31,12,TUS00020,323.44
407,F37791,2022-03-31,1,TUA00434,244.91
408,F37802,2022-03-31,6,CS12F1040A00,533.7
409,F37802,2022-03-31,6,CS12H1050A00,547.28
410,F37803,2022-03-31,25,ECQ-00972,9152.38
411,F37803,2022-03-31,1,ECQ-01444,736.48
412,F37804,2022-03-31,10,ECQ-00972,3567.53
413,F37804,2022-03-31,3,ECQ-01444,2373.3
414,F37805,2022-03-31,18,TP00019,4249.74
415,F37807,2022-03-31,2,TUE00162,1034.72
416,F37808,2022-03-31,4,TUE00348,1221.53
417,F37813,2022-03-31,1,TUE00105,1306.63
418,F37814,2022-03-31,3,TUS00035,266.21
419,F37817,2022-03-31,1,GAB00014,1516.24
420,F37817,2022-03-31,2,TUA00376,5870.53
421,F37818,2022-04-01,1,TP0040,137.48
422,F37824,2022-04-04,1,TP0001,42.79
423,F37827,2022-04-04,1,BP00251,112.24
424,F37827,2022-04-04,1,BP00252,111.07
425,F37827,2022-04-04,1,BP00253,112.24
426,F37827,2022-04-04,1,BP00254,59.54
427,F37827,2022-04-04,1,BP00255,110.37
428,F37827,2022-04-04,1,BP00256,110.37
429,F37829,2022-04-05,1,RP00187,90.16
430,F37830,2022-04-05,3,TUS00002,319.57
431,F37831,2022-04-05,4,TUS00001,633.46
432,F37832,2022-04-05,1,TUE00081,359.16
433,F37834,2022-04-05,4,TUA00175,1509.17
434,F37835,2022-04-05,1,TUS00117,165.15
435,F37836,2022-04-05,2,BC00010,720.65
436,F37841,2022-04-06,2,RP00150,0.72
437,F37842,2022-04-06,1,BB1 1/2X1/2-300W,220.0
438,F37843,2022-04-06,4,MR01934,646.92
439,F37844,2022-04-06,2,BN00064,94.49
440,F37845,2022-04-06,1,TP0026,113.59
441,F37852,2022-04-07,5,TUS00017,459.5
442,F37852,2022-04-07,3,TUS00018,295.92
443,F37853,2022-04-07,1,TP0002,51.36
444,F37854,2022-04-07,25,E1041959,5083.38
445,F37858,2022-04-07,4,BC00006,4563.71
446,F37858,2022-04-07,5,P231A1D6K200,1257.53
447,F37860,2022-04-07,4,65014-38,735.34
448,F37863,2022-04-07,2,TUA00435,1511.46
449,F37866,2022-04-07,1,CM10E2050A00,70.86
450,F37872,2022-04-08,2,TUA00420,3660.03
451,F37876,2022-04-08,1,EE00026,94.84
452,F37876,2022-04-08,1,TU5/16X203V,321.87
453,F37878,2022-04-11,2,TP0011,288.8
454,F37878,2022-04-11,1,TP0012,50.54
455,F37880,2022-04-11,3,TUA00017,1229.62
456,F37882,2022-04-11,1,TJ00046,204.07
457,F37882,2022-04-11,1,TP0024,48.49
458,F37883,2022-04-11,1,TUE00342,722.38
459,F37884,2022-04-11,2,TUE00103,497.3
460,F37888,2022-04-12,2,PJ14F10B0600,775.73
461,F37888,2022-04-12,1,PJ14J10B0600,404.78
462,F37892,2022-04-12,1,TUA00148,1125.85
463,F37898,2022-04-13,1,TUE00132,432.3
464,F37899,2022-04-13,10,P114Q1H90412,3965.36
465,F37900,2022-04-13,1,TUS00119,48.21
466,F37903,2022-04-13,9,TUA00087,2869.44
467,F37906,2022-04-13,1,TUE00345,133.09
468,F37908,2022-04-13,6,TUE00248,963.82
469,F37909,2022-04-13,1,TJ00090,403.47
470,F37910,2022-04-13,1,TUE00351,148.76
471,F37910,2022-04-13,1,TUE00352,148.76
472,F37912,2022-04-13,25,E1041968,2779.23
473,F37914,2022-04-18,1,RP00183,7.6
474,F37919,2022-04-19,1,RP00137,107.68
475,F37922,2022-04-19,3,TUA00124,1943.52
476,F37925,2022-04-19,4,TP0012,202.16
477,F37927,2022-04-19,4,TUE00207,1974.74
478,F37929,2022-04-19,1,RC00027,123.23
479,F37933,2022-04-20,1,TUE00172,4045.07
480,F37937,2022-04-20,2,PT00082,2428.6
481,F37938,2022-04-21,2,TP0002,135.14
482,F37939,2022-04-21,1,TUE00350,223.66
483,F37941,2022-04-21,2,BN00252,367.86
484,F37942,2022-04-21,5,TUA00436,1667.21
485,F37943,2022-04-21,2,CAE00039,1685.48
486,F37944,2022-04-21,6,TEA00099,1305.87
487,F37946,2022-04-21,1,BC00027,797.54
488,F37947,2022-04-21,3,TUA00099,3959.26
489,F37951,2022-04-21,1,TP0001,42.79
490,F37953,2022-04-22,3,CM10D2025A00,201.92
491,F37953,2022-04-22,2,CM10D2030A00,134.42
492,F37958,2022-04-22,2,TP0004,172.46
493,F37959,2022-04-22,1,TP0024,48.49
494,F37960,2022-04-22,1,BL00055,213.87
495,F37961,2022-04-22,1,TJ00043,48.85
496,F37962,2022-04-22,3,TJ00043,146.54
497,F37964,2022-04-25,10,TUS00003,461.36
498,F37966,2022-04-25,1,BB1 1/2X1/2-300W,220.0
499,F37967,2022-04-25,20,E1041960,4218.97
500,F37970,2022-04-25,1,CS14E1020A00,28.9
501,F37971,2022-04-25,2,P231F1H6AB00,1342.97
502,F37972,2022-04-25,3,TUA00079,747.21
503,F37977,2022-04-25,18,TUE00319,12855.68
504,F37978,2022-04-26,6,TUE00248,963.82
505,F37980,2022-04-26,10,TP0003,723.67
506,F37985,2022-04-26,4,BO00059,796.86
507,F37987,2022-04-26,2,CAE00039,1685.48
508,F37990,2022-04-26,2,TUA00412,286.18
509,F37990,2022-04-26,1,TUA00440,148.02
510,F37990,2022-04-26,1,TUS00120,38.92
511,F37991,2022-04-26,2,TP0002,102.71
512,F37996,2022-04-27,2,TUA00124,1035.28
513,F37997,2022-04-27,1,RM00038,921.37
514,F38000,2022-04-27,2,TUA00376,5870.53
515,F38001,2022-04-27,5,TP0025,382.32
516,F38003,2022-04-27,1,TUS00048,36.0
517,F38004,2022-04-27,1,TUE00258,67.21
518,F38005,2022-04-27,3,TP00011,1529.93
519,F38005,2022-04-27,5,TUE00261,3472.99
520,F38008,2022-04-28,2,TUA00437,485.55
521,F38012,2022-04-28,1,TUE00336,722.34
522,F38014,2022-04-28,5,PT00083,2592.94
523,F38021,2022-04-28,2,PA00001,7248.18
524,F38023,2022-04-29,1,TP0011,144.4
525,F38026,2022-04-29,1,BP00261,841.63
526,F38029,2022-04-29,1,TUA00438,567.27
527,F38030,2022-04-29,1,TP0011,144.4
528,F38036,2022-04-29,2,TP0012,101.08
529,F38042,2022-04-29,12,CAE00040,3998.41
530,F38043,2022-04-29,2,TUE00034,1009.05
531,F38046,2022-04-29,7,ECQ-00971,2619.0
532,F38046,2022-04-29,4,ECQ-01444,3409.48
533,F38047,2022-04-29,35,ECQ-00972,11742.95
534,F38047,2022-04-29,10,ECQ-01444,7911.01
535,F38048,2022-04-29,1,TUE00344,928.07
536,F38058,2022-05-02,10,CS38C1008A00,618.84
537,F38059,2022-05-02,2,BB00095,85.97
538,F38061,2022-05-03,2,PT31B1D5A400,22.03
539,F38062,2022-05-03,6,TP0025,460.41
540,F38064,2022-05-03,1,TP0016,222.0
541,F38065,2022-05-03,1,RM00022,33.79
542,F38066,2022-05-04,2,TK00062,225.28
543,F38067,2022-05-04,5,TP0011,722.0
544,F38067,2022-05-04,1,TP0012,50.54
545,F38069,2022-05-04,1,BP00260,72.34
546,F38073,2022-05-04,17,E1041960,3586.12
547,F38074,2022-05-04,4,TUA00021,4673.63
548,F38082,2022-05-04,4,TUA00009,4193.61
549,F38083,2022-05-04,1,TP0001,42.79
550,F38085,2022-05-05,6,TUA00258,1915.76
551,F38086,2022-05-05,2,BN00254,291.71
552,F38089,2022-05-05,10,TP0025,986.31
553,F38090,2022-05-05,1,TUA00441,406.12
554,F38092,2022-05-05,1,BP00215,97.53
555,F38092,2022-05-05,1,RP00191,10.7
556,F38094,2022-05-05,1,TP0025,98.63
557,F38096,2022-05-06,1,RC00013,136.98
558,F38097,2022-05-06,2,EE00021,4455.7
559,F38102,2022-05-06,2,TUA00442,610.62
560,F38104,2022-05-06,15,TP0025,1363.68
561,F38109,2022-05-09,1,RP00195,42.35
562,F38111,2022-05-09,4,RM00022,135.17
563,F38112,2022-05-09,1,RP00194,3.8
564,F38113,2022-05-09,1,TUA00443,344.32
565,F38114,2022-05-09,20,TEA00006,2637.36
566,F38115,2022-05-09,6,RC00012,1344.78
567,F38116,2022-05-09,1,TU5/16X230MM,200.3
568,F38119,2022-05-09,5,EE00055,565.29
569,F38122,2022-05-10,1,TEA00096,773.91
570,F38124,2022-05-10,5,PT00083,2389.27
571,F38124,2022-05-10,5,TEA00100,681.25
572,F38127,2022-05-11,1,TP0002,62.82
573,F38129,2022-05-11,1,CS12D2040A01,101.4
574,F38130,2022-05-11,1,TUA00439,483.67
575,F38131,2022-05-11,6,TEA00099,1305.87
576,F38132,2022-05-11,5,TP0011,722.0
577,F38134,2022-05-11,2,TP0002,125.64
578,F38135,2022-05-11,10,TJ00063,461.74
579,F38140,2022-05-11,5,PK31A1I1A000,1434.11
580,F38141,2022-05-12,2,BC00027,1595.08
581,F38142,2022-05-12,2,BB00101,73.04
582,F38145,2022-05-12,1,TUE00081,701.72
583,F38147,2022-05-12,4,CAE00011,352.13
584,F38148,2022-05-12,1,RP00197,1368.31
585,F38149,2022-05-12,1,TUS00121,33.75
586,F38155,2022-05-13,1,BP00263,80.09
587,F38159,2022-05-13,2,TU5/16X870J127V,454.37
588,F38160,2022-05-13,1,RP00196,5301.49
589,F38161,2022-05-13,2,CS58M2050A11,344.27
590,F38161,2022-05-13,2,PJ000GE1A400,116.73
591,F38170,2022-05-17,1,TP00021,330.09
592,F38170,2022-05-17,1,TP00022,453.27
593,F38171,2022-05-17,1,BB1 1/2X1/2-300W,253.0
594,F38177,2022-05-17,1,93980461,1261.99
595,F38178,2022-05-17,1,93980461,1261.99
596,F38179,2022-05-17,2,54020219,2135.98
597,F38180,2022-05-17,2,54020219,2261.08
598,F38186,2022-05-18,3,TUA00131,6183.72
599,F38189,2022-05-18,1,RP00193,518.74
600,F38191,2022-05-19,1,TUE00353,60.64
601,F38194,2022-05-19,4,TUE00207,2742.7
602,F38195,2022-05-19,1,TUE00354,295.91
603,F38196,2022-05-19,2,PJ000GH1A000,412.22
604,F38196,2022-05-19,2,PJ000GJ1A000,726.18
605,F38196,2022-05-19,2,PT00084,1199.64
606,F38200,2022-05-20,8,PT00010,671.87
607,F38201,2022-05-20,5,TUA00127,1183.69
608,F38204,2022-05-20,8,TUA00321,2239.06
609,F38205,2022-05-20,2,MR01934,331.9
610,F38208,2022-05-23,3,TP0001,128.38
611,F38209,2022-05-23,1,RP00002,4434.97
612,F38215,2022-05-23,4,ECQ-01444,3224.57
613,F38216,2022-05-23,1,TUA00311,324.05
614,F38217,2022-05-23,6,TUE00068,1141.51
615,F38221,2022-05-24,60,CAS00080,14643.92
616,F38228,2022-05-25,1,TUS00090,170.19
617,F38229,2022-05-25,20,TEA00058,3634.36
618,F38230,2022-05-25,1,BB1 1/2X1/2-300W,253.0
619,F38233,2022-05-26,15,70001694,1516.01
620,F38234,2022-05-26,8,70001692,909.55
621,F38235,2022-05-26,6,70001684,692.44
622,F38236,2022-05-26,1,RP00198,168.7
623,F38239,2022-05-26,10,CAS00034,1174.89
624,F38240,2022-05-26,2,TP0003,155.15
625,F38241,2022-05-26,28,TP0022,9392.95
626,F38245,2022-05-26,1,TEA00101,149.98
627,F38246,2022-05-27,2,TP0016,444.0
628,F38247,2022-05-27,2,TUS00122,61.3
629,F38248,2022-05-27,3,TUS00122,91.95
630,F38249,2022-05-27,1,TP0005,97.49
631,F38256,2022-05-27,2,CS58G1030A00,229.29
632,F38261,2022-05-30,3,TU5/16X203V,965.61
633,F38265,2022-05-31,2,BP00264,208.8
634,F38276,2022-05-31,2,CAS00043,130.94
635,F38277,2022-05-31,6,47980249,1725.78
636,F38278,2022-05-31,4,47980626,1885.91
637,F38279,2022-05-31,2,MR8-250-11-13,320.04
638,F38281,2022-05-31,4,TUA00449,2840.53
639,F38281,2022-05-31,2,TUA00450,1472.41
640,F38282,2022-05-31,10,TUA00049,2446.31
641,F38283,2022-05-31,8,CBE00012,1707.07
642,F38283,2022-05-31,5,CBE00040,1068.83
643,F38284,2022-05-31,2,TK00065,124.56
644,F38288,2022-06-01,1,TP0040,171.87
645,F38291,2022-06-01,5,47980075,9760.13
646,F38293,2022-06-02,16,47980249,4735.23
647,F38294,2022-06-02,6,CAS00079,374.39
648,F38295,2022-06-02,1,TUE00101,407.85
649,F38296,2022-06-02,4,AK00012,467.13
650,F38297,2022-06-02,2,TUA00445,1696.61
651,F38300,2022-06-02,1,CBE00039,208.61
652,F38302,2022-06-02,2,TJ00091,119.54
653,F38309,2022-06-03,2,TU5/16X230MM,400.6
654,F38312,2022-06-03,36,TUE00146,9577.26
655,F38315,2022-06-06,1,TUA00325,3900.52
656,F38317,2022-06-06,2,BN00256,159.57
657,F38317,2022-06-06,2,BN00257,167.44
658,F38317,2022-06-06,1,BP00263,80.09
659,F38321,2022-06-06,1,BB1 1/2X1/2-300W,253.0
660,F38324,2022-06-07,1,RP00201,55.83
661,F38327,2022-06-07,1,BB1 1/2X1/2-300W,253.0
662,F38329,2022-06-07,12,TUA00436,3994.81
663,F38336,2022-06-08,1,TU5/16X230MM,200.3
664,F38342,2022-06-09,1,RP00202,7.6
665,F38343,2022-06-09,10,CS58P2120A01,2062.24
666,F38344,2022-06-09,30,BOBINA001,11343.64
667,F38346,2022-06-09,1,TUA00444,602.39
668,F38347,2022-06-09,2,CS14D2017B20,136.67
669,F38349,2022-06-09,4,TP0011,542.76
670,F38349,2022-06-09,4,TP0012,219.2
671,F38351,2022-06-09,4,TP0006,1728.0
672,F38352,2022-06-10,1,RP00203,199335.56
673,F38353,2022-06-10,2,TUE00362,95.4
674,F38357,2022-06-10,2,TEE00027,1435.32
675,F38358,2022-06-10,1,TU5/16X230MM,200.3
676,F38364,2022-06-13,1,TP0001,42.79
677,F38365,2022-06-13,1,TUA00438,562.77
678,F38368,2022-06-13,2,TUA00439,967.34
679,F38372,2022-06-14,4,TUS00005,699.77
680,F38373,2022-06-14,3,TU5/16X203V,965.61
681,F38374,2022-06-14,6,BO00061,539.86
682,F38375,2022-06-14,1,TUE00363,752.71
683,F38380,2022-06-15,3,CS14D2017B20,333.2
684,F38386,2022-06-15,1,BB1 1/2X1/2-300W,253.0
685,F38388,2022-06-15,2,BO00064,14.4
686,F38390,2022-06-16,10,BO00062,432.37
687,F38391,2022-06-16,12,CBS00098,1443.18
688,F38392,2022-06-16,1,TP0011,135.69
689,F38393,2022-06-16,20,ECQ-00972,7105.79
690,F38393,2022-06-16,2,ECQ-00974,2930.59
691,F38395,2022-06-16,1,TP0025,92.33
692,F38399,2022-06-16,1,TUA00446,227.74
693,F38401,2022-06-17,2,CAS00068,131.25
694,F38401,2022-06-17,2,CAS00069,1309.94
695,F38401,2022-06-17,2,CAS00070,47.53
696,F38401,2022-06-17,2,CAS00071,135.37
697,F38403,2022-06-17,5,TP0002,314.09
698,F38403,2022-06-17,5,TP0003,387.87
699,F38404,2022-06-17,1,TUA00124,668.43
700,F38407,2022-06-17,4,PK51H1JBA600,3340.17
701,F38408,2022-06-17,6,TEE00028,2289.82
702,F38408,2022-06-17,6,TUS00123,1542.56
703,F38412,2022-06-17,2,CAS00081,395.26
704,F38412,2022-06-17,1,TP0024,48.49
705,F38417,2022-06-20,2,TP0012,109.6
706,F38418,2022-06-20,2,BN00258,172.35
707,F38424,2022-06-21,6,TUA00447,3776.75
708,F38424,2022-06-21,6,TUA00448,3574.62
709,F38425,2022-06-21,1,TUE00362,48.03
710,F38426,2022-06-21,1,TP0009,205.2
711,F38427,2022-06-21,4,TP0011,542.76
712,F38427,2022-06-21,4,TP0012,219.2
713,F38428,2022-06-21,3,TP0003,232.72
714,F38432,2022-06-22,4,CM10G1030A00,311.18
715,F38433,2022-06-22,2,TUA00457,493.38
716,F38435,2022-06-22,15,TP0025,1383.54
717,F38436,2022-06-22,2,BP00246,85.29
718,F38436,2022-06-22,2,BP00247,310.77
719,F38436,2022-06-22,2,BP00263,160.18
720,F38437,2022-06-22,1,TUA00413,177.85
721,F38438,2022-06-22,2,TU5/16X203V240W,662.65
722,F38440,2022-06-23,30,EE00059,1170.9
723,F38443,2022-06-23,4,BO00063,3192.33
724,F38443,2022-06-23,1,RB00021,670.74
725,F38447,2022-06-23,1,CS14D2017B20,111.07
726,F38454,2022-06-24,6,TUA00453,1416.34
727,F38455,2022-06-24,4,CS14E1012A00,128.97
728,F38456,2022-06-24,2,TEA00103,174.08
729,F38457,2022-06-24,2,TUA00009,2145.86
730,F38458,2022-06-24,10,PT00057,1441.92
731,F38459,2022-06-24,3,CAE00011,367.04
732,F38464,2022-06-27,10,TT00009,2360.31
733,F38464,2022-06-27,10,TT00010,2378.73
734,F38466,2022-06-27,2,P9K1J1D1G030,153.36
735,F38469,2022-06-27,1,TU5/16X870J127V,227.18
736,F38471,2022-06-28,1,P214J1BBA600,521.59
737,F38472,2022-06-28,2,BN00260,348.32
738,F38472,2022-06-28,2,BN00261,183.26
739,F38474,2022-06-28,9,CS38C1008A00,556.96
740,F38475,2022-06-28,6,TJ00029,1029.98
741,F38477,2022-06-28,3,TUA00099,3820.84
742,F38477,2022-06-28,2,TUA00191,2608.29
743,F38480,2022-06-29,1,TP0005,97.49
744,F38482,2022-06-29,1,BP00215,97.53
745,F38482,2022-06-29,1,RP00191,10.7
746,F38484,2022-06-29,100,BOBINA002,1813.59
747,F38484,2022-06-29,5,BOBINA003,2573.85
748,F38487,2022-06-30,4,TUS00016,456.18
749,F38487,2022-06-30,5,TUS00017,503.4
750,F38487,2022-06-30,6,TUS00018,591.85
751,F38488,2022-06-30,2,PA00011,1092.06
752,F38488,2022-06-30,1,PA00012,1220.15
753,F38489,2022-06-30,1,TUA00458,473.55
754,F38491,2022-06-30,6,PT31B1G1AG00,912.43
755,F38492,2022-06-30,4,PT00087,921.15
756,F38493,2022-06-30,1,TUA00459,345.97
757,F38495,2022-06-30,1,TUA00461,322.13
758,F38497,2022-06-30,4,TUE00171,771.72
759,F38499,2022-06-30,1,TP0012,54.8
760,F38501,2022-06-30,3,TP0011,423.89
761,F38502,2022-06-30,3,TUA00460,557.42
762,F38505,2022-06-30,1,TUE00004,123.23
763,F38507,2022-07-04,7,ECQ-01444,5411.87
764,F38509,2022-07-04,1,TEA00004,665.36
765,F38513,2022-07-04,2,BN00216,552.36
766,F38514,2022-07-04,2,TUA00009,1850.42
767,F38516,2022-07-04,1,BL00012,136.58
768,F38517,2022-07-04,1,PJ31F1F1A400,82.32
769,F38524,2022-07-05,3,ECQ-00971,1216.06
770,F38528,2022-07-06,1,TP0016,260.2
771,F38531,2022-07-06,1,TUA00459,345.97
772,F38534,2022-07-06,2,BL00057,55.57
773,F38534,2022-07-06,2,BL00058,130.51
774,F38534,2022-07-06,2,BP00265,128.69
775,F38534,2022-07-06,2,BP00266,128.69
776,F38536,2022-07-06,1,TP0007,210.24
777,F38536,2022-07-06,1,TP0008,265.64
778,F38536,2022-07-06,1,TP0009,205.2
779,F38537,2022-07-06,1,BS00012,76.36
780,F38542,2022-07-07,10,ABRAZA01,150.32
781,F38543,2022-07-07,20,TEA00006,2660.93
782,F38544,2022-07-07,15,TEA00006,1995.7
783,F38545,2022-07-07,1,93980461,1357.1
784,F38546,2022-07-07,2,54020219,2261.08
785,F38547,2022-07-07,6,47980249,1773.52
786,F38549,2022-07-07,1,EE00060,185.06
787,F38553,2022-07-08,4,PJ000NH1A400,170.5
788,F38557,2022-07-08,1,P131B1I14000,297.42
789,F38558,2022-07-08,1,TP0012,54.8
790,F38561,2022-07-11,1,PJ000GH1A000,206.11
791,F38561,2022-07-11,6,PJ000GJ1A000,2178.55
792,F38562,2022-07-11,1,PT00063,671.28
793,F38566,2022-07-11,2,BS00010,133.98
794,F38576,2022-07-12,2,BN00263,345.06
795,F38576,2022-07-12,3,BP00267,608.14
796,F38577,2022-07-12,5,MR01934,808.65
797,F38578,2022-07-12,8,TUA00318,5407.95
798,F38580,2022-07-12,1,TUA00459,345.97
799,F38583,2022-07-12,54,CAS00083,7098.51
800,F38583,2022-07-12,27,CAS00084,3719.48
801,F38583,2022-07-12,3,CAS00085,611.06
802,F38583,2022-07-12,3,CAS00086,379.36
803,F38586,2022-07-13,3,TP0011,433.2
804,F38588,2022-07-13,1,PT00088,323.11
805,F38588,2022-07-13,1,TUE00364,165.65
806,F38590,2022-07-13,4,BP00070,440.58
807,F38602,2022-07-15,1,TP0040,171.87
808,F38602,2022-07-15,2,TUA00376,5099.14
809,F38604,2022-07-15,3,TJ00092,469.01
810,F38605,2022-07-15,1,TP0001,42.79
811,F38606,2022-07-15,3,CBS00104,450.49
812,F38609,2022-07-18,4,PT00034,1020.51
813,F38612,2022-07-18,5,AJ00010,1081.24
814,F38612,2022-07-18,4,TUE00367,781.73
815,F38613,2022-07-18,2,TEE00017,2779.2
816,F38615,2022-07-18,10,PT00047,2575.95
817,F38616,2022-07-18,11,TUA00177,4233.54
818,F38617,2022-07-18,1,TP0012,54.8
819,F38620,2022-07-19,1,RP00205,1195.0
820,F38622,2022-07-20,1,TP0005,97.49
821,F38622,2022-07-20,2,TP0040,343.73
822,F38625,2022-07-20,1,TU5/16X215V240W,316.45
823,F38633,2022-07-21,1,TUE00105,1306.63
824,F38636,2022-07-21,4,70001694,620.99
825,F38636,2022-07-21,4,70001696,528.65
826,F38636,2022-07-21,4,CBE00041,812.15
827,F38636,2022-07-21,4,CBS00056,488.72
828,F38637,2022-07-21,1,RP00206,649.31
829,F38637,2022-07-21,2,RP00207,1180.41
830,F38637,2022-07-21,1,RP00208,595.74
831,F38637,2022-07-21,1,TUE00061,585.92
832,F38638,2022-07-21,30,BOBINA001,12894.24
833,F38638,2022-07-21,3,TEA00023,2365.62
834,F38639,2022-07-21,1,PT00033,244.91
835,F38641,2022-07-21,2,CS38K2025A2D,541.35
836,F38641,2022-07-21,2,TUE00366,461.4
837,F38642,2022-07-21,4,PA00008,3161.13
838,F38642,2022-07-21,4,PA00009,3014.83
839,F38643,2022-07-21,5,PA00005,3515.54
840,F38645,2022-07-22,2,TP0002,135.14
841,F38646,2022-07-22,21,TUA00464,5553.86
842,F38648,2022-07-22,1,TUE00172,5169.85
843,F38649,2022-07-22,4,TUE00247,1298.83
844,F38651,2022-07-22,1,BP00259,89.76
845,F38651,2022-07-22,1,BP00260,72.34
846,F38652,2022-07-22,1,BP00259,89.76
847,F38652,2022-07-22,1,BP00260,72.34
848,F38653,2022-07-22,6,PJ31A1I1A400,1417.21
849,F38657,2022-07-25,2,BB2X2ST,440.0
850,F38663,2022-07-26,2,TUA00463,3863.23
851,F38665,2022-07-26,1,RP00165,277.5
852,F38669,2022-07-26,12,TUA00436,3995.98
853,F38672,2022-07-26,10,PT00047,2575.95
854,F38675,2022-07-27,1,TUE00061,1225.86
855,F38683,2022-07-27,10,TP0025,923.31
856,F38688,2022-07-28,4,PT00089,1131.63
857,F38690,2022-07-28,5,PJ04F1H1A400,1119.59
858,F38690,2022-07-28,5,PK04F1H1A400,1249.59
859,F38692,2022-07-28,1,TUA00438,567.27
860,F38698,2022-07-29,5,WRE-2774,378.86
861,F38700,2022-07-29,1,RM00043,193.86
862,F38702,2022-07-29,1,TUE00369,197.36
863,F38704,2022-07-29,2,BL00059,110.46
864,F38704,2022-07-29,2,BP00239,73.59
865,F38704,2022-07-29,2,BP00263,160.18
866,F38705,2022-07-29,1,EE00063,1721.28
867,F38706,2022-07-29,1,MA00021,179.31
868,F38706,2022-07-29,10,P114R1AB0600,5149.29
869,F38708,2022-07-29,6,CAS00068,1806.93
870,F38708,2022-07-29,6,CAS00069,4502.25
871,F38708,2022-07-29,6,CAS00070,263.28
872,F38708,2022-07-29,6,CAS00071,1291.57
873,F38709,2022-07-29,10,70001690,1287.37
874,F38709,2022-07-29,6,70001694,736.0
875,F38711,2022-07-29,16,97020238,7848.04
876,F38716,2022-07-29,3,TUA00468,991.99
877,F38727,2022-08-01,5,TP0011,722.0
878,F38727,2022-08-01,5,TP0012,274.0
879,F38736,2022-08-02,7,TUE00368,1712.29
880,F38741,2022-08-03,3,RPISTOLA01,246.45
881,F38744,2022-08-03,1,TUA00222,335.77
882,F38748,2022-08-04,10,TP0003,744.5
883,F38758,2022-08-08,5,TP0001,213.97
884,F38758,2022-08-08,2,TP0003,144.73
885,F38758,2022-08-08,3,TP0005,292.48
886,F38760,2022-08-08,3,TP0011,432.6
887,F38762,2022-08-08,4,ECQ-00971,1587.1
888,F38762,2022-08-08,30,ECQ-00972,8744.54
889,F38763,2022-08-08,4,ECQ-00971,1496.57
890,F38763,2022-08-08,20,ECQ-00972,5804.18
891,F38763,2022-08-08,4,ECQ-01444,3376.92
892,F38764,2022-08-08,2,TP0002,125.64
893,F38771,2022-08-09,4,PJ31L1H1G400,908.84
894,F38773,2022-08-09,1,TUS00125,156.55
895,F38777,2022-08-10,4,TUA00175,1352.89
896,F38778,2022-08-10,1,TUA00471,301.83
897,F38780,2022-08-10,4,RPISTOLA01,328.6
898,F38784,2022-08-10,3,54020219,3406.59
899,F38785,2022-08-10,2,93980461,2523.98
900,F38786,2022-08-10,4,70001691,366.02
901,F38789,2022-08-10,1,TJ00093,181.44
902,F38791,2022-08-10,1,TUA00470,1884.35
903,F38792,2022-08-10,2,TUA00467,1257.6
904,F38794,2022-08-10,12,TUA00453,3389.64
905,F38795,2022-08-11,2,BN00264,164.74
906,F38796,2022-08-11,1,TUA00469,2121.33
907,F38797,2022-08-11,30,BOBINA001,12900.92
908,F38800,2022-08-11,1,RP00209,73.01
909,F38801,2022-08-11,1,TP0018,72.97
910,F38803,2022-08-11,1,TP0003,72.37
911,F38806,2022-08-12,5,65014-40,753.85
912,F38806,2022-08-12,4,67234-15,129.51
913,F38807,2022-08-12,1,PJ06C1CHB000,31.14
914,F38809,2022-08-12,2,TUA00065,1144.25
915,F38809,2022-08-12,1,TUA00066,917.05
916,F38814,2022-08-15,1,TUE00081,469.69
917,F38816,2022-08-15,15,TUE00370,1292.21
918,F38817,2022-08-15,4,CM65C1020B02,841.34
919,F38821,2022-08-15,3,TEA00044,1316.59
920,F38821,2022-08-15,3,TEE00024,3449.19
921,F38824,2022-08-16,1,AK00013,110.45
922,F38826,2022-08-16,21,TUA00464,5553.86
923,F38829,2022-08-16,2,TP00007,691.62
924,F38829,2022-08-16,2,TUE00372,181.42
925,F38832,2022-08-17,1,TP0002,62.95
926,F38836,2022-08-17,1,TP0001,48.2
927,F38837,2022-08-17,2,BO00047,367.61
928,F38837,2022-08-17,3,BO00066,0.0
929,F38838,2022-08-17,4,47980626,1831.12
930,F38841,2022-08-17,1,TUE00371,249.45
931,F38850,2022-08-18,1,TUE00172,2754.67
932,F38851,2022-08-18,1,TP0007,210.24
933,F38853,2022-08-18,1,BN00158,120.77
934,F38854,2022-08-19,3,BO00044,32.46
935,F38857,2022-08-19,6,TUE00075,262.85
936,F38857,2022-08-19,3,TUE00198,146.81
937,F38861,2022-08-19,1,TP0003,78.65
938,F38862,2022-08-19,3,TUE00122,682.85
939,F38863,2022-08-19,1,TJ00081,66.88
940,F38864,2022-08-19,1,TP0001,48.2
941,F38864,2022-08-19,1,TP0002,62.95
942,F38867,2022-08-22,1,TUE00267,6587.67
943,F38868,2022-08-22,2,TUA00472,697.4
944,F38871,2022-08-22,2,TUA00437,485.55
945,F38874,2022-08-22,1,PJ06C1CHB000,31.14
946,F38876,2022-08-23,20,PT00011,3719.07
947,F38880,2022-08-23,6,TUA00258,2746.25
948,F38881,2022-08-23,3,BN00055,548.62
949,F38882,2022-08-23,10,ABRAZA01,48.02
950,F38883,2022-08-23,3,TUS00001,405.53
951,F38883,2022-08-23,3,TUS00002,409.8
952,F38884,2022-08-23,7,TP0007,1471.68
953,F38887,2022-08-23,1,TP0016,260.2
954,F38889,2022-08-23,8,CBS00043,1729.33
955,F38890,2022-08-23,1,TP0005,97.49
956,F38891,2022-08-24,1,TP0015,173.0
957,F38892,2022-08-24,5,TUA00134,1668.85
958,F38894,2022-08-24,1,BN00265,369.86
959,F38900,2022-08-25,2,RP00212,177.06
960,F38910,2022-08-25,2,BOBINA004,5227.2
961,F38912,2022-08-26,3,RPISTOLA01,389.85
962,F38913,2022-08-26,1,BC00029,0.0
963,F38914,2022-08-26,1,TP00012,223.04
964,F38923,2022-08-26,2,TUE00373,87.87
965,F38924,2022-08-29,2,TUA00009,2125.57
966,F38925,2022-08-29,10,MA00001,1444.71
967,F38932,2022-08-29,2,EE00067,721.38
968,F38932,2022-08-29,1,EE00068,886.73
969,F38937,2022-08-29,2,CBE00032,1221.56
970,F38938,2022-08-29,2,BB1 1/2X1/2-300W,506.0
971,F38941,2022-08-30,4,TEE00017,4818.85
972,F38946,2022-08-31,2,TUE00374,142.04
973,F38947,2022-08-31,5,TUE00216,5244.49
974,F38948,2022-08-31,12,CBS00075,1517.55
975,F38949,2022-08-31,15,CS58K2105AA1,2868.3
976,F38950,2022-08-31,20,ECQ-00972,6288.76
977,F38951,2022-08-31,20,PT00090,7266.24
978,F38954,2022-08-31,20,TP0025,1846.35
979,F38957,2022-08-31,4,TUE00034,2964.18
980,F38958,2022-08-31,2,TJ00094,239.89
981,F38959,2022-08-31,1,TUA00462,470.05
982,F38959,2022-08-31,1,TUE00365,217.51
983,F38961,2022-08-31,1,TK00066,39.22
984,F38967,2022-09-02,10,TP0004,844.11
985,F38968,2022-09-02,1,TP0016,260.2
986,F38969,2022-09-02,1,TUA00249,1216.54
987,F38970,2022-09-02,1,TP0003,78.65
988,F38973,2022-09-02,1,RC00030,927.84
989,F38977,2022-09-05,3,TP0016,780.6
990,F38984,2022-09-05,12,CS34S2075A00,2887.02
991,F38984,2022-09-05,10,CS34S2100A00,2268.0
992,F38986,2022-09-05,2,TU5/16X230MM,452.46
993,F38995,2022-09-06,1,47980590,693.77
994,F38996,2022-09-06,1,93980461,1261.99
995,F38996,2022-09-06,1,93980465,1165.13
996,F38997,2022-09-06,4,54020219,4271.95
997,F38998,2022-09-07,20,PT00047,6273.1
998,F38999,2022-09-07,1,P25601AB0600,521.55
999,F39004,2022-09-07,8,CS12N1050A00,1016.9
1000,F39005,2022-09-07,1,TUS00126,42.8
1001,F39006,2022-09-08,3,BC00010,2039.25
1002,F39007,2022-09-08,2,RB00003,200.26
1003,F39007,2022-09-08,2,RB00010,1789.82
1004,F39008,2022-09-08,2,CS12F1040A00,204.63
1005,F39009,2022-09-08,2,TP0016,520.4
1006,F39010,2022-09-08,9,CAS00084,1240.49
1007,F39010,2022-09-08,1,CAS00085,203.69
1008,F39010,2022-09-08,1,CAS00086,126.54
1009,F39013,2022-09-08,2,BP00268,136.7
1010,F39014,2022-09-08,1,TUA00098,388.11
1011,F39016,2022-09-08,2,BP00268,136.7
1012,F39017,2022-09-08,3,TUA00468,991.99
1013,F39018,2022-09-09,20,ECQ-00972,6632.15
1014,F39018,2022-09-09,1,ECQ-00974,1388.82
1015,F39020,2022-09-09,1,TP0011,144.4
1016,F39024,2022-09-09,2,TUE00081,873.18
1017,F39026,2022-09-09,1,TUA00473,176.15
1018,F39028,2022-09-12,1,BB1 1/2X1/2-300W,253.0
1019,F39029,2022-09-12,10,TP0004,771.29
1020,F39032,2022-09-12,3,TUE00161,337.18
1021,F39033,2022-09-12,4,CS12J1075A00,429.99
1022,F39034,2022-09-12,4,CAE00045,633.45
1023,F39036,2022-09-12,2,TP0008,531.27
1024,F39036,2022-09-12,2,TP0010,251.36
1025,F39040,2022-09-13,1,TP0012,57.6
1026,F39046,2022-09-13,10,CAS00063,1701.62
1027,F39051,2022-09-13,1,BB1 1/2X1/2-300W,253.0
1028,F39053,2022-09-14,1,TUE00376,28.41
1029,F39054,2022-09-14,10,PK31A1I1A000,2865.87
1030,F39055,2022-09-14,3,TUS00005,505.21
1031,F39061,2022-09-14,14,TP0003,1101.12
1032,F39061,2022-09-14,6,TP0008,1593.82
1033,F39063,2022-09-14,1,RP00213,91.4
1034,F39065,2022-09-14,1,RP00214,13.33
1035,F39065,2022-09-14,1,TUA00474,1139.58
1036,F39065,2022-09-14,1,TUE00094,281.46
1037,F39066,2022-09-15,1,TUA00441,406.12
1038,F39067,2022-09-15,2,TUA00027,682.82
1039,F39070,2022-09-19,2,TP00007,697.83
1040,F39072,2022-09-19,2,CS38H1020A00,136.5
1041,F39073,2022-09-19,1,TU5/16X230MM,226.23
1042,F39074,2022-09-19,1,TU5/16X230MM,226.23
1043,F39076,2022-09-19,2,TUA00009,1911.36
1044,F39078,2022-09-19,1,TP0005,97.49
1045,F39082,2022-09-19,1,TUE00375,896.15
1046,F39088,2022-09-20,1,TUE00378,9353.62
1047,F39089,2022-09-20,1,TP0003,78.65
1048,F39090,2022-09-20,1,TUA00475,197.53
1049,F39090,2022-09-20,1,TUS00127,72.88
1050,F39096,2022-09-20,1,PJ31G1AB0600,400.95
1051,F39097,2022-09-20,1,TUA00476,159.65
1052,F39105,2022-09-21,3,TEA00105,1108.97
1053,F39114,2022-09-22,2,TUA00033,1170.39
1054,F39114,2022-09-22,3,TUS00001,392.91
1055,F39114,2022-09-22,6,TUS00002,863.31
1056,F39115,2022-09-22,6,TEA00017,3013.94
1057,F39116,2022-09-22,1,TUE00379,239.08
1058,F39117,2022-09-22,3,TUE00377,309.63
1059,F39120,2022-09-22,4,TP00008,730.4
1060,F39120,2022-09-22,2,TUE00063,876.79
1061,F39120,2022-09-22,1,TUE00129,523.53
1062,F39120,2022-09-22,1,TUE00334,164.55
1063,F39121,2022-09-22,1,RP00001,33387.05
1064,F39124,2022-09-22,1,TP0003,78.65
1065,F39125,2022-09-22,1,BB1 1/2X1/2-300W,253.0
1066,F39128,2022-09-23,1,BB2X2ST,220.0
1067,F39130,2022-09-23,1,TUA00459,345.97
1068,F39131,2022-09-23,1,TUA00459,345.97
1069,F39133,2022-09-23,4,CAS00051,286.9
1070,F39133,2022-09-23,4,CBS00007,669.24
1071,F39134,2022-09-23,1,TUE00207,685.68
1072,F39135,2022-09-23,1,TUE00207,685.68
1073,F39136,2022-09-23,1,TUE00207,685.68
1074,F39137,2022-09-23,1,TUE00207,685.68
1075,F39138,2022-09-23,2,TP0011,288.8
1076,F39139,2022-09-23,18,BS00006,16025.97
1077,F39139,2022-09-23,18,BS00008,19187.82
1078,F39142,2022-09-23,4,TP0001,192.79
1079,F39144,2022-09-26,8,EE00071,170.62
1080,F39146,2022-09-26,2,BC00006,2233.68
1081,F39146,2022-09-26,2,BL00002,110.26
1082,F39146,2022-09-26,2,BN00145,310.7
1083,F39146,2022-09-26,2,BN00146,507.97
1084,F39146,2022-09-26,1,PT00079,477.16
1085,F39147,2022-09-26,10,PT00083,5185.87
1086,F39147,2022-09-26,5,TEA00100,681.25
1087,F39150,2022-09-26,3,TUE00380,936.33
1088,F39151,2022-09-26,3,TUA00053,824.78
1089,F39152,2022-09-26,3,CS58L2050A00,621.48
1090,F39154,2022-09-26,10,PRECA003,6679.11
1091,F39156,2022-09-27,4,TUA00189,7194.25
1092,F39159,2022-09-27,4,TP0012,230.4
1093,F39174,2022-09-28,30,ECQ-00972,8663.07
1094,F39177,2022-09-29,4,TP00010,524.96
1095,F39179,2022-09-29,2,BN00266,252.21
1096,F39181,2022-09-29,10,CERAISON-14-28,60.0
1097,F39181,2022-09-29,7,TP0012,356.56
1098,F39183,2022-09-29,30,TUA00247,22555.72
1099,F39184,2022-09-29,3,TP0002,188.86
1100,F39188,2022-09-30,2,TUE00184,652.49
1101,F39191,2022-09-30,2,TUE00382,12146.99
1102,F39199,2022-09-30,10,TUA00436,3329.01
1103,F39200,2022-09-30,1,AK00010,131.36
1104,F39201,2022-09-30,4,EE00063,6885.12
1105,F39203,2022-09-30,2,CS58D2030A00,289.73
1106,F39204,2022-09-30,2,CS12D2030A00,192.34
1107,F39208,2022-09-30,8,TUA00200,6402.83
1108,F39212,2022-09-30,1,TUE00383,328.39
1109,F39213,2022-09-30,1,TUA00477,273.77
1110,F39216,2022-09-30,2,CS38D1017B00,266.08
1111,F39223,2022-09-30,4,CAS00013,1300.94
1112,F39229,2022-10-04,1,TP0016,222.0
1113,F39231,2022-10-04,1,TP0025,90.91
1114,F39231,2022-10-04,1,TP0026,113.59
1115,F39233,2022-10-04,4,TP0011,577.6
1116,F39235,2022-10-04,1,TEA00106,413.55
1117,F39237,2022-10-04,5,TP0007,1182.99
1118,F39237,2022-10-04,10,TP0026,1136.37
1119,F39238,2022-10-04,1,BL00060,187.54
1120,F39239,2022-10-04,1,TUE00381,1088.23
1121,F39240,2022-10-04,2,BP00183,133.59
1122,F39248,2022-10-05,1,BB2X2ST,220.0
1123,F39253,2022-10-05,3,TP0012,178.63
1124,F39254,2022-10-06,2,TP0002,125.91
1125,F39256,2022-10-06,1,RP00216,0.0
1126,F39259,2022-10-06,4,TUA00175,1352.89
1127,F39260,2022-10-07,1,BP00269,49.16
1128,F39265,2022-10-07,4,BB2X2ST,880.0
1129,F39270,2022-10-07,3,EE00072,0.0
1130,F39271,2022-10-07,2,BN00267,415.38
1131,F39271,2022-10-07,2,BN00268,253.04
1132,F39272,2022-10-07,1,RP00220,329.0
1133,F39273,2022-10-10,3,TUA00124,1800.09
1134,F39274,2022-10-10,10,TP0011,1444.0
1135,F39278,2022-10-10,6,TUA00478,2131.82
1136,F39281,2022-10-11,1,47980590,2392.5
1137,F39281,2022-10-11,1,47980626,421.11
1138,F39283,2022-10-12,1,BP00259,89.76
1139,F39283,2022-10-12,1,BP00260,72.34
1140,F39284,2022-10-12,10,TUE00112,5213.9
1141,F39284,2022-10-12,5,TUE00113,8135.45
1142,F39285,2022-10-12,4,CS38H1040A11,0.0
1143,F39291,2022-10-12,20,ECQ-00972,6310.2
1144,F39291,2022-10-12,3,ECQ-01444,1921.52
1145,F39294,2022-10-12,1,TUA00475,197.53
1146,F39300,2022-10-13,6,TUS00109,460.25
1147,F39303,2022-10-13,1,TUE00385,70.7
1148,F39306,2022-10-14,1,TU5/16X215V240W,316.45
1149,F39312,2022-10-14,6,70001691,559.81
1150,F39312,2022-10-14,10,70001693,1007.01
1151,F39312,2022-10-14,10,70001694,1247.67
1152,F39312,2022-10-14,10,70001696,1321.62
1153,F39312,2022-10-14,7,70001697,972.31
1154,F39312,2022-10-14,10,70001698,1192.74
1155,F39312,2022-10-14,10,70007685,521.21
1156,F39315,2022-10-17,3,TUE00207,1758.97
1157,F39320,2022-10-17,1,BP00270,47.84
1158,F39320,2022-10-17,1,BP00271,99.37
1159,F39320,2022-10-17,1,BP00272,142.2
1160,F39320,2022-10-17,1,BP00273,39.85
1161,F39324,2022-10-18,10,CAS00083,1314.54
1162,F39324,2022-10-18,10,CAS00084,1376.26
1163,F39324,2022-10-18,1,CAS00085,203.69
1164,F39324,2022-10-18,1,CAS00086,126.29
1165,F39326,2022-10-18,3,TUS00001,382.87
1166,F39327,2022-10-18,6,TUA00021,6716.37
1167,F39332,2022-10-18,1,TU5/16X203V240W,331.33
1168,F39334,2022-10-18,1,TUE00386,379.55
1169,F39340,2022-10-19,6,CAS00073,494.02
1170,F39340,2022-10-19,6,CAS00074,1475.75
1171,F39340,2022-10-19,1,RP00222,67.84
1172,F39340,2022-10-19,2,TUA00057,4993.3
1173,F39342,2022-10-19,11,BS00006,10806.45
1174,F39343,2022-10-19,5,RPISTOLA01,650.58
1175,F39345,2022-10-19,6,TP0003,472.05
1176,F39346,2022-10-20,1,TEA00107,414.84
1177,F39347,2022-10-20,2,TEA00107,829.67
1178,F39349,2022-10-20,1,BN00269,117.24
1179,F39351,2022-10-20,1,TP0015,173.0
1180,F39351,2022-10-20,1,TP0016,222.0
1181,F39352,2022-10-20,1,TP0012,57.6
1182,F39353,2022-10-20,2,TUA00063,436.67
1183,F39358,2022-10-20,1,BO00067,57.07
1184,F39359,2022-10-21,8,CS12C1025A00,775.7
1185,F39361,2022-10-21,5,MR8-250-11-13,800.11
1186,F39363,2022-10-21,2,TUA00463,3863.23
1187,F39364,2022-10-21,3,CS12G1040A00,271.25
1188,F39365,2022-10-21,12,CBE00012,3016.4
1189,F39365,2022-10-21,6,CBE00040,1282.59
1190,F39366,2022-10-21,10,TUA00049,2913.27
1191,F39372,2022-10-24,1,BP00259,89.76
1192,F39372,2022-10-24,1,BP00260,72.34
1193,F39372,2022-10-24,1,BP00274,150.44
1194,F39372,2022-10-24,1,BP00275,53.71
1195,F39372,2022-10-24,1,BP00276,108.81
1196,F39374,2022-10-24,3,BC00010,1416.65
1197,F39376,2022-10-24,1,TEA00108,170.55
1198,F39379,2022-10-24,2,TUA00480,926.71
1199,F39384,2022-10-24,1,TUA00479,3280.08
1200,F39385,2022-10-24,1,TEA00110,166.83
1201,F39387,2022-10-25,1,TUE00258,93.2
1202,F39388,2022-10-25,1,TUE00258,93.2
1203,F39390,2022-10-25,8,BC00030,5304.97
1204,F39396,2022-10-25,4,BP00277,176.5
1205,F39396,2022-10-25,4,BP00278,170.28
1206,F39399,2022-10-25,2,BN00270,350.67
1207,F39400,2022-10-25,4,BB2X2ST,1200.0
1208,F39403,2022-10-26,2,TP0001,96.4
1209,F39404,2022-10-26,2,CS14K2040A00,76.84
1210,F39404,2022-10-26,2,CS14L2040A00,106.65
1211,F39404,2022-10-26,2,TP0006,253.43
1212,F39405,2022-10-26,6,CAS00087,1412.1
1213,F39405,2022-10-26,1,CAS00088,277.2
1214,F39411,2022-10-26,1,TEA00109,145.23
1215,F39412,2022-10-26,1,BL00061,1047.18
1216,F39420,2022-10-27,2,TP0008,531.27
1217,F39420,2022-10-27,4,TP0009,820.82
1218,F39420,2022-10-27,4,TP0010,502.72
1219,F39422,2022-10-27,2,PJ31C1C1B000,198.45
1220,F39424,2022-10-27,20,EE00071,426.55
1221,F39425,2022-10-27,1,TP0003,78.68
1222,F39426,2022-10-27,1,TUA00463,1931.62
1223,F39428,2022-10-28,1,RP00227,78.38
1224,F39432,2022-10-28,1,TUA00481,332.12
1225,F39433,2022-10-28,1,TUA00481,332.12
1226,F39436,2022-10-28,4,EE00063,6885.12
1227,F39437,2022-10-28,1,TUS00048,63.09
1228,F39438,2022-10-28,2,TP0002,125.91
1229,F39441,2022-10-31,2,TUS00113,139.11
1230,F39442,2022-10-31,1,TP0002,62.95
1231,F39444,2022-10-31,2,TP0008,531.27
1232,F39447,2022-10-31,1,PJ18D2E1A410,81.99
1233,F39449,2022-10-31,6,TUA00482,1414.5
1234,F39450,2022-10-31,4,CM10I2040A00,253.47
1235,F39454,2022-10-31,1,P25601AB0600,521.55
1236,F39455,2022-10-31,15,TP0003,1141.15
1237,F39455,2022-10-31,3,TP0008,634.09
1238,F39456,2022-10-31,1,EE00075,544.48
1239,F39468,2022-11-01,1,TP0002,62.95
1240,F39470,2022-11-01,1,TP0001,48.2
1241,F39471,2022-11-01,6,CS12N1050A00,762.68
1242,F39490,2022-11-03,2,CS58O2050A00,290.03
1243,F39491,2022-11-03,1,RP00225,0.0
1244,F39493,2022-11-04,4,TP0002,251.81
1245,F39494,2022-11-04,10,CAS00083,1314.54
1246,F39494,2022-11-04,7,CAS00084,963.38
1247,F39494,2022-11-04,25,CAS00085,5092.2
1248,F39494,2022-11-04,1,CAS00086,126.29
1249,F39499,2022-11-04,4,TUS00016,395.3
1250,F39499,2022-11-04,4,TUS00017,449.36
1251,F39499,2022-11-04,6,TUS00018,598.95
1252,F39500,2022-11-04,2,BO00066,0.0
1253,F39503,2022-11-04,1,RP00192,0.2
1254,F39509,2022-11-07,2,TP0002,102.71
1255,F39509,2022-11-07,2,TP0003,136.41
1256,F39511,2022-11-07,2,TEE00017,2328.4
1257,F39513,2022-11-07,4,TUA00484,2654.96
1258,F39519,2022-11-08,1,TUE00384,18.45
1259,F39523,2022-11-08,2,TUA00483,679.81
1260,F39524,2022-11-08,3,EE00077,1327.51
1261,F39525,2022-11-08,11,CBS00001,7445.6
1262,F39526,2022-11-08,1,BB1 1/2X1/2-300W,278.0
1263,F39526,2022-11-08,1,TP0025,96.83
1264,F39531,2022-11-09,1,BP00259,89.76
1265,F39531,2022-11-09,1,BP00260,72.34
1266,F39539,2022-11-10,1,PJ14R1B40A00,420.67
1267,F39541,2022-11-10,4,TUA00175,1606.58
1268,F39542,2022-11-10,2,ECQ-00971,770.19
1269,F39542,2022-11-10,20,ECQ-00972,6323.81
1270,F39543,2022-11-10,1,P231E1AB0600,0.0
1271,F39543,2022-11-10,1,P231J1AB0600,518.43
1272,F39546,2022-11-10,12,CBS00092,5553.94
1273,F39549,2022-11-11,3,BL00062,626.65
1274,F39550,2022-11-11,5,TP0002,337.86
1275,F39554,2022-11-11,3,TUE00387,202.67
1276,F39555,2022-11-11,2,TP0012,115.2
1277,F39560,2022-11-11,2,TUA00325,9208.38
1278,F39564,2022-11-14,1,TUA00486,408.31
1279,F39566,2022-11-14,6,RPISTOLA01,778.18
1280,F39568,2022-11-15,2,BP00279,514.21
1281,F39569,2022-11-15,5,TU5/16X203V,1628.92
1282,F39569,2022-11-15,5,TUA00436,1664.51
1283,F39571,2022-11-15,1,TUS00128,197.83
1284,F39571,2022-11-15,1,TUS00129,178.15
1285,F39571,2022-11-15,1,TUS00130,171.15
1286,F39574,2022-11-15,1,TP0001,48.2
1287,F39574,2022-11-15,1,TP0024,48.1
1288,F39576,2022-11-15,1,EE00022,654.34
1289,F39577,2022-11-15,2,TK00028,156.48
1290,F39582,2022-11-16,2,RP00223,85.31
1291,F39584,2022-11-16,6,TUE00388,2369.31
1292,F39586,2022-11-16,6,BO00061,539.86
1293,F39587,2022-11-16,3,TUE00122,387.85
1294,F39588,2022-11-16,1,TP0040,153.85
1295,F39591,2022-11-16,10,CAS00089,2514.71
1296,F39592,2022-11-16,1,RP00165,277.5
1297,F39595,2022-11-17,1,TUE00389,1541.46
1298,F39597,2022-11-17,1,TJ00037,519.45
1299,F39597,2022-11-17,2,TP0022,662.99
1300,F39597,2022-11-17,1,TP0040,153.85
1301,F39598,2022-11-17,1,TUA00485,264.62
1302,F39600,2022-11-18,3,TUA00098,597.15
1303,F39603,2022-11-18,3,TUA00468,991.99
1304,F39605,2022-11-18,2,TP0005,194.99
1305,F39608,2022-11-18,2,TP0001,96.4
1306,F39608,2022-11-18,2,TP0002,126.62
1307,F39608,2022-11-18,1,TP0003,65.16
1308,F39609,2022-11-18,5,TJ00095,308.87
1309,F39609,2022-11-18,5,TJ00096,257.43
1310,F39610,2022-11-22,10,TP0011,1444.0
1311,F39610,2022-11-22,2,TP0012,115.2
1312,F39611,2022-11-22,8,CBS00019,2692.66
1313,F39612,2022-11-23,1,TUA00191,1318.1
1314,F39613,2022-11-23,2,TP0022,662.99
1315,F39615,2022-11-23,2,TP0008,372.32
1316,F39615,2022-11-23,2,TP0009,410.41
1317,F39615,2022-11-23,4,TP0010,502.72
1318,F39618,2022-11-23,4,TUE00391,483.02
1319,F39621,2022-11-24,1,TP0001,48.2
1320,F39622,2022-11-24,5,TEE00012,2499.93
1321,F39624,2022-11-24,1,BN00271,157.64
1322,F39625,2022-11-24,1,RP00228,63.9
1323,F39627,2022-11-24,1,TUA00487,1292.27
1324,F39630,2022-11-24,2,TUE00390,60.89
1325,F39631,2022-11-24,8,P114Q1H90412,3985.6
1326,F39632,2022-11-24,4,P251L1J1B000,3845.43
1327,F39633,2022-11-25,20,CBS00001,11843.56
1328,F39634,2022-11-25,6,BS00006,5618.0
1329,F39634,2022-11-25,6,BS00008,6802.89
1330,F39636,2022-11-25,10,TP0003,886.28
1331,F39637,2022-11-25,2,BB00103,337.07
1332,F39642,2022-11-25,20,ECQ-00972,6026.11
1333,F39643,2022-11-25,1,TUE00195,919.68
1334,F39645,2022-11-25,1,CBS00106,286.34
1335,F39647,2022-11-28,1,TU5/16X870J127V,227.18
1336,F39649,2022-11-28,1,CAE00046,137.33
1337,F39649,2022-11-28,1,CM16I2090A00,139.65
1338,F39654,2022-11-29,6,TUA00258,1680.81
1339,F39657,2022-11-30,6,BO00061,539.86
1340,F39659,2022-11-30,1,TUE00142,448.24
1341,F39661,2022-11-30,2,TUA00490,0.0
1342,F39661,2022-11-30,9,TUA00491,0.0
1343,F39664,2022-11-30,1,BN00272,328.36
1344,F39666,2022-11-30,1,BB00102,78.25
1345,F39671,2022-11-30,8,CAS00044,2031.23
1346,F39672,2022-11-30,4,CAE00045,633.45
1347,F39673,2022-11-30,8,CS12C1025A00,775.7
1348,F39675,2022-11-30,1,TUE00166,140.88
1349,F39678,2022-11-30,10,ABRAZA01,213.85
1350,F39685,2022-12-05,6,47980249,1806.71
1351,F39686,2022-12-05,9,47980249,2695.79
1352,F39686,2022-12-05,1,47980626,499.2
1353,F39687,2022-12-05,3,TP0003,237.03
1354,F39691,2022-12-05,6,TEA00095,762.35
1355,F39696,2022-12-05,1,RP00229,0.0
1356,F39700,2022-12-05,1,TUE00142,293.13
1357,F39701,2022-12-06,1,CAE00047,291.13
1358,F39701,2022-12-06,1,TUE00392,196.44
1359,F39706,2022-12-06,2,TP0011,288.8
1360,F39716,2022-12-07,1,BO00005,1734.88
1361,F39719,2022-12-07,25,CBS00092,11537.18
1362,F39721,2022-12-07,10,ABRAZA01,213.85
1363,F39725,2022-12-08,4,TUE00207,1864.79
1364,F39730,2022-12-08,1,TP0012,57.6
1365,F39731,2022-12-08,20,ECQ-00972,6311.82
1366,F39732,2022-12-08,10,TEA00006,1190.47
1367,F39733,2022-12-08,3,TUS00131,0.0
1368,F39736,2022-12-08,10,TEA00111,6681.26
1369,F39741,2022-12-09,4,TUS00052,150.59
1370,F39743,2022-12-09,2,TUA00401,720.39
1371,F39748,2022-12-09,2,TUE00206,733.23
1372,F39749,2022-12-09,1,TP0011,144.4
1373,F39749,2022-12-09,3,TP0012,172.8
1374,F39751,2022-12-09,1,TUA00489,0.0
1375,F39752,2022-12-13,1,TU5/16X870J127V,227.18
1376,F39754,2022-12-13,4,CS14D2017B20,444.27
1377,F39757,2022-12-13,1,TP0016,222.0
1378,F39759,2022-12-13,3,TUA00488,1364.17
1379,F39760,2022-12-13,6,TP0005,584.96
1380,F39762,2022-12-13,4,TP0004,389.19
1381,F39762,2022-12-13,4,TP0008,1226.13
1382,F39763,2022-12-13,1,CBS00107,355.52
1383,F39764,2022-12-14,1,TUE00081,414.88
1384,F39767,2022-12-14,2,TUE00393,166.8
1385,F39770,2022-12-14,4,TUE00207,2345.29
1386,F39774,2022-12-15,6,ECQ-01444,4968.0
1387,F39775,2022-12-15,5,EE00077,2212.51
1388,F39776,2022-12-15,2,ECQ-00971,721.39
1389,F39776,2022-12-15,1,ECQ-00974,1311.27
1390,F39776,2022-12-15,5,ECQ-01444,3866.04
1391,F39777,2022-12-16,12,BO00061,1079.71
1392,F39780,2022-12-16,1,TP0012,57.6
1393,F39788,2022-12-19,1,TUA00494,2335.2
1394,F39791,2022-12-20,6,TUA00433,3722.84
1395,F39792,2022-12-20,2,TU5/16X203V,651.57
1396,F39793,2022-12-20,3,PT00091,198.93
1397,F39794,2022-12-20,26,CAS00083,3417.8
1398,F39794,2022-12-20,10,CAS00084,1376.26
1399,F39795,2022-12-20,5,PJ31A1I1A000,1160.05
1400,F39795,2022-12-20,5,PJ31A1I1A400,1181.01
1401,F39801,2022-12-21,10,CS58R2200A01,4055.46
1402,F39803,2022-12-21,1,TUA00493,0.0
1403,F39810,2022-12-22,16,CBS00109,5337.9
1404,F39811,2022-12-22,2,ECQ-00974,1392.92
1405,F39812,2022-12-22,10,70001698,1073.25
1406,F39813,2022-12-22,4,CAS00035,2726.1
1407,F39815,2022-12-22,1,RP00230,1319.88
1408,F39815,2022-12-22,1,RP00231,99.68
1409,F39816,2022-12-22,6,TUA00492,7120.54
1410,F39817,2022-12-22,2,TP0016,635.0
1411,F39820,2022-12-22,1,TU5/16X230MM,226.23
1412,F39824,2022-12-23,1,TUA00325,4579.08
1413,F39826,2022-12-23,5,RB00007,390.43
1414,F39828,2022-12-23,3,TP00018,153.49
1415,F39830,2022-12-23,6,BP00006,1767.02
1416,F39830,2022-12-23,3,PJ31Q1G1A400,369.62
1417,F39833,2022-12-23,2,BL00002,130.63
1418,F39833,2022-12-23,2,BN00145,572.25
1419,F39833,2022-12-23,2,BN00146,843.82
1420,F39833,2022-12-23,2,PT00079,954.32
1421,F39834,2022-12-23,6,CS12F1040A00,613.88
1422,F39834,2022-12-23,6,CS12H1050A00,628.12
1423,F39835,2022-12-23,3,TUE00394,1789.64
1424,F39837,2022-12-23,1,TUA00470,1884.35
1425,F39838,2022-12-23,10,RB00007,806.55
